Model,Accuracy,Precision,Recall,F1-Score
TF-IDF + Naive Bayes,0.2,0.04,0.2,0.06666666666666667
TF-IDF + SVM,0.2,0.04,0.2,0.06666666666666667
BERT + SVM,0.2,0.04,0.2,0.06666666666666667
